클러스터,00시,1시,2시,3시,4시,5시,6시,7시,8시,9시,10시,11시,12시,13시,14시,15시,16시,17시,18시,19시,20시,21시,22시,23시
0,11392,5200,1989,1885,6105,16840,40859,94882,94465,68184,61373,60138,63145,66134,71460,84809,100143,90231,89760,73661,56511,49928,45164,22256
1,6578,4361,2291,2323,3426,13968,27986,58308,87801,71189,63428,62346,67323,69025,72363,75396,85225,87617,102612,82472,66263,59495,50297,25277
2,171679,47840,28292,22152,113130,291612,501165,1080268,1456824,1090791,904154,882734,961999,1010675,993545,1146172,1292537,1392748,1563708,1221602,949798,904843,829274,459673
3,29088,3873,1219,957,17131,46062,86787,194058,234738,172188,148543,144037,160662,168395,163496,199047,224551,214592,223179,192890,147241,138504,125857,72687
4,9551,3346,1364,936,8221,13216,26440,60659,87840,55591,41847,37692,41251,43914,42592,51220,59647,69191,86039,56008,44840,41395,40666,20724
5,66222,14096,8301,6985,54158,115509,212440,464425,635897,469417,397025,390526,420460,432533,428200,494315,552331,570660,630216,489524,381043,349866,318630,167963
6,24337,8489,5063,4586,15301,44370,87849,226874,359957,250876,180310,166723,180095,195353,195865,223821,249077,281807,312505,216591,159209,154041,142650,71561
7,10095,3036,1794,1866,4650,21879,39022,98096,135707,93638,79581,84495,87220,89972,88678,94835,108938,132864,153661,102325,83995,77840,68229,36695
8,13172,413,0,0,4688,25445,77644,178058,232604,161172,128200,119105,131161,140681,139414,167012,192768,192626,221727,173093,133313,127883,121027,59329
9,75031,19444,11562,9083,56043,128189,243203,515527,663115,490257,413612,399463,433224,449529,442559,506213,567787,595172,646639,523955,406828,393853,362581,204796
10,5534,1597,1467,1081,5613,13274,37236,81815,97409,69799,57236,54632,61472,62152,62090,74288,82672,83867,97394,86085,59930,58027,48417,28052
11,4521,424,0,0,2367,10616,25466,68227,75069,49716,42177,46041,47404,51794,49829,57191,64152,61184,63597,50286,38621,35871,33598,16304
12,13652,1864,860,748,19790,43016,57610,115720,167533,116997,98990,95807,104497,107913,104926,120126,134889,152642,174975,141627,103299,92871,78677,42504
13,10034,1896,954,832,4916,20538,42622,105904,96982,73788,65874,65580,72522,73222,72146,88244,109364,91908,98070,80576,63580,64992,57788,28326
14,0,0,0,0,0,45,6896,14003,22957,21912,18058,22840,24418,26913,27702,30633,34466,32207,26771,15516,11132,7312,4396,1202
15,18353,2590,788,623,17183,39905,66275,133864,177179,122061,106818,103563,112861,119430,114219,133720,147375,151293,170936,139435,105460,97865,93752,53746
16,29478,4557,2267,2167,14812,36922,75489,159960,205310,162788,151442,149889,158861,173059,167621,193734,212287,210862,218627,183557,142775,135057,129727,77575
17,56410,17027,13050,7816,17857,81529,166229,391950,559515,358343,265268,262626,291092,303405,299306,334186,375495,466083,568036,409309,331863,330538,321492,181625
18,33990,16350,6764,5775,26205,35615,71098,162348,217906,161252,147746,141363,156462,161131,160590,192212,212912,218226,237530,198062,149812,133113,116248,65776
19,30761,4384,1278,1078,14930,41503,92500,228864,268785,211309,179136,172912,204276,233599,220615,264344,313234,351994,338795,258429,194174,215873,247225,94033
20,74795,23971,13796,10638,57080,144344,287403,598764,789977,601724,519495,511345,553298,576566,565630,642318,716802,750915,819844,650112,506465,477530,436704,231353
21,236763,88905,49175,41928,195347,373874,595150,1088297,1491472,1179323,1037931,1047857,1114955,1143631,1151818,1308318,1452165,1534909,1750183,1413349,1106835,988222,884602,560707
22,16252,4284,3434,2542,17678,29378,53734,108534,138194,97924,86253,84513,94536,95487,93411,105803,119421,129261,142634,130053,91504,81931,70347,37234
23,126803,48344,35022,26981,34807,92793,167178,347705,540607,510406,361157,346359,387014,419032,417239,440818,482618,575050,685526,510316,392235,402244,385840,237870
24,27112,3838,846,1022,18426,53991,123491,275460,355515,251806,196954,183648,202367,209720,202977,235977,272772,306442,336619,258918,196097,180842,170158,91348
25,17930,2275,2566,2150,11385,53492,85638,165516,238311,153874,121118,115908,125565,132075,128484,139963,161379,187974,224967,171413,125283,114480,104192,61229
26,8677,2161,1573,1327,6802,19473,30454,62363,94411,77600,61871,62569,71766,77573,84581,93610,102902,111827,131020,96610,72873,63734,50776,25048
27,12403,5414,2520,2221,24914,32060,53230,101706,134258,100970,95905,90218,96967,104741,102684,111322,113905,123970,140266,101941,82771,81948,68272,26493
28,36619,4779,1456,1371,17724,47057,101225,214869,278525,205741,177379,176827,196412,208407,201087,238746,274687,289401,296178,243373,193336,180777,167952,92556
29,16923,1103,0,506,39585,102685,160669,427333,725281,461717,235735,196476,205403,218664,221122,245769,299101,450499,534140,361256,262275,226172,184769,103004
30,33668,9578,5587,4815,13429,69042,113802,255919,361337,267416,223212,231580,247483,256419,249980,269813,302822,324315,372815,271817,226561,220448,197661,107369
31,15838,2466,1528,958,13107,37991,79005,173556,239452,181095,155919,156060,167260,171031,168405,186401,207596,211752,221421,171028,134445,124661,111697,63097
32,22654,4351,2940,2473,14474,44681,118380,275238,316309,214820,172591,165730,180188,188310,185449,223704,263232,256981,306977,250777,183614,172028,162908,80092
33,28,0,0,0,0,133,612,1665,1872,981,786,651,682,660,589,644,858,885,1062,1049,672,616,538,427
34,22453,4222,3549,4103,8977,51701,87227,171034,212697,169732,141970,137653,147163,151587,144294,164523,190336,191364,210286,181814,146482,136776,133476,89185
35,16501,1917,1198,639,3716,21033,44843,97893,136775,102773,80828,80295,90905,99989,95722,108086,123664,136297,155342,115932,95123,99487,92647,45703
36,7098,1830,436,0,1658,6465,24561,63797,77995,47132,34090,30492,35560,35992,36447,46982,58876,58669,68364,54936,39573,36536,34763,20930
37,82514,24940,16141,12883,70984,148487,271830,576934,753039,556393,458370,442119,481600,502544,487847,550001,622226,648429,721460,572997,444719,435197,402000,222948
38,16605,3470,1258,778,11835,30651,80052,180655,246354,170699,134643,127595,135429,139275,132657,153260,168183,195176,219031,162157,128106,122789,110209,61504
39,86187,20313,10426,8021,56689,182721,348357,784461,993024,680879,548582,524611,576437,603337,580470,653746,754773,859443,995040,764195,603426,592559,563802,319565
40,40388,8888,3728,1861,32724,60691,113659,219766,287741,226481,195004,188362,198885,203463,202351,230760,264248,271644,306553,235343,172382,165393,157785,90669
41,51216,19430,14060,15155,23677,83354,141220,280178,397225,369181,310522,297201,332397,359690,363748,404421,435201,496843,526558,403303,323739,307952,268894,157875
42,15528,1493,242,0,4733,25142,55412,136698,123236,93377,82147,81107,97831,102808,98058,118904,151969,147379,148723,121782,93236,96961,106908,45195
43,43316,6225,4219,3081,47989,108696,192887,429206,526300,391493,342793,351436,381341,382241,375862,441168,495394,503226,558535,457872,342677,311031,278738,155470
44,18708,3878,1798,1308,8541,26633,60398,135103,169680,133340,115735,114946,130432,135304,136478,150518,167528,172722,187769,158464,120332,108672,101063,56679
45,4310,1421,9,0,2723,6152,14687,34374,30841,21959,17584,17187,17915,18893,18568,23186,27662,25413,28850,26816,18957,17503,16062,8827
46,16598,3021,1393,2371,14702,30845,64645,157378,170742,118960,100832,99378,102809,105208,101786,125133,154456,135928,141690,123821,94420,89971,81673,43137
47,7859,707,0,0,5383,14432,29513,59401,75499,55432,48142,46742,48010,49146,47107,55102,62225,62647,66911,67259,48198,43680,38557,23326
48,29795,9502,6793,4770,34496,78484,115820,254649,374451,282757,237239,239850,257892,276969,278383,291452,313781,334155,337858,235777,205271,211138,194187,105791
49,31549,8550,5488,4421,36085,79810,121185,291128,482515,285006,200461,212785,214360,224075,226919,258015,283120,359402,427585,227818,185963,181815,155382,82204
50,15809,2639,1543,762,15870,35081,63626,123938,133483,89125,74210,70382,77308,78525,74477,87893,100627,102912,115611,105263,77534,69354,61919,35534
51,13238,1381,631,899,7943,33265,72778,146850,183199,121951,99602,97014,109041,110142,106898,124383,151637,154910,172845,140569,97722,88721,84493,41877
52,25779,6404,1370,1161,6921,41445,101661,233613,295108,189805,122930,114730,126158,129016,127137,157603,184441,201484,242064,169686,118626,111842,101538,59331
53,34100,7461,4066,3082,11314,43142,83331,195675,310998,231076,187589,200319,220123,240632,240578,277828,329193,374217,414462,309588,272404,256793,199775,107372
54,19845,8804,3382,4133,19012,25583,49582,103953,144925,111370,99333,97626,98668,103194,101595,115242,125606,136001,147882,115205,85858,77886,62466,36669
55,21591,4794,0,34,28337,54661,96548,202231,228149,168306,148679,146405,158654,162737,165186,192894,213484,213466,228180,197243,152914,134720,121446,71763
56,101684,41411,25351,19912,60446,142531,260996,572819,820543,628324,520010,518358,569724,607025,604712,685414,786083,852767,974460,734860,578936,549508,504774,265951
57,18074,4137,2576,2159,5214,31952,59475,127811,163869,112780,87221,81877,86972,99582,98788,118205,144122,141776,159817,113573,91496,94318,86745,52214
58,25223,3317,1627,1096,13454,54789,114289,264318,311352,225451,183680,175355,191668,201703,198075,237211,271407,277591,302090,234717,177289,171286,166048,85333
59,51138,16116,5926,6565,37084,91072,194337,406894,468964,338700,288623,278842,293139,293310,288843,336805,384412,398565,440925,385470,279213,245836,233260,136773
60,9927,2676,1349,1406,7229,18386,49700,147350,120787,84520,71090,69308,78837,79159,80897,112096,113343,107392,110001,93789,68971,62110,61060,34021
61,20667,9281,7075,5351,12749,32108,58694,136200,225648,166066,134797,129984,146192,162781,155137,161617,184418,223918,266599,180287,139084,141178,131479,69807
62,38077,2746,2262,2099,22699,111441,205862,430201,585754,399255,306220,280380,293536,300679,290978,333764,380058,434875,513207,409060,312894,301868,284454,159413
63,17875,8532,7281,7583,11756,35565,60411,138354,232178,194115,117442,100347,106672,116154,111778,117725,127625,171937,204994,139597,101854,99878,91308,44824
64,14380,3100,2376,2724,10158,36393,64360,133092,235433,186777,114183,100384,106458,115555,115631,134133,150678,185592,232134,140378,102669,101627,86813,38081
65,71914,19785,13459,8513,35057,104866,178485,346122,519663,418371,320817,333262,368627,384922,395905,447424,497479,563065,645966,480615,411322,402050,359043,190861
66,21716,5102,3777,3012,15893,43688,72568,128090,177531,140480,116951,113256,122604,126700,125632,145255,166466,169612,194297,152085,117063,110552,97324,54764
67,7940,2908,1016,829,4857,12013,28088,64032,64493,42886,36938,33837,35977,38076,37022,45153,53662,51179,58333,47922,35825,31639,30329,16257
68,55863,24598,13409,10988,38200,117285,164802,343546,545008,415533,333247,376621,387651,424468,430826,459379,503972,596422,685213,426527,367096,365503,278905,142210
69,22039,4602,2565,2078,6580,41028,92382,208861,268240,191116,167678,161212,170173,183463,179816,206354,236635,258711,293780,238763,188621,178725,180121,108120
70,85391,21543,10494,7264,32400,82808,136799,296106,382558,321393,296621,313366,336888,353270,361984,410563,468775,484961,514736,405981,337496,331487,310247,195284
71,24539,9385,5539,5274,30832,56950,86733,185679,238300,155678,135446,131202,141148,144626,140014,166019,191653,198340,221405,182628,128187,118885,109054,59473
72,52949,11633,7274,6447,37911,102791,199378,435943,575281,413902,344907,332335,365230,378576,368545,426818,490069,514594,590141,465493,355317,338421,318953,172796
73,56547,12785,6208,5470,37008,110521,162712,274435,412303,361084,355222,379457,404929,422220,432888,467605,506470,510733,527926,383112,301964,256228,211684,129060
74,2204,16,0,0,1384,4399,12379,21966,25898,19626,16848,17170,17354,18153,18884,20949,24788,25411,23139,16890,13248,13504,12318,6443
75,19591,4707,2867,2419,17984,39099,83916,186209,232787,182360,161516,158663,169038,176926,181874,207971,231244,223938,240368,192790,143453,129299,114944,59785
76,6245,1569,0,0,2355,9627,24259,60906,73834,47284,37136,33195,35742,36474,34682,42212,54030,69440,63200,44694,33683,30213,26571,15005
77,16125,3512,2988,4487,43095,82801,127678,283615,420728,319421,273316,265505,264987,279230,265475,298684,319330,378615,408005,274300,224754,221289,188452,96518
78,4425,524,448,635,7174,37214,40650,115236,218836,121337,77783,82360,83730,90169,93504,88330,103930,154166,199604,103217,81185,81698,62323,32881
79,5870,1104,1122,626,2718,8668,23423,50898,72820,49622,35731,33210,38351,40866,39840,46972,53704,57216,67930,51658,39365,38089,36502,17662
80,11507,778,816,640,7148,24087,47321,112615,149782,99675,81751,75028,81044,85966,82776,99423,112744,118941,128807,93295,73148,70409,62477,32409
81,32893,14321,11218,9079,22852,54224,70528,121405,174178,137243,107338,101823,111840,121141,124431,142402,155088,172147,204753,164323,134655,130511,116320,68160
82,23652,6735,4058,3798,15860,37396,77588,179885,196241,154747,133726,134863,154421,156593,155686,177669,207270,192647,199200,158644,126906,115607,115502,53485
83,116847,34989,16496,13136,76004,205765,336330,658725,822671,672390,623727,647517,698155,727320,734755,898179,999277,1009929,1119394,938152,725083,638843,575452,339116
84,25615,2277,1440,1539,18511,64095,105164,210660,294565,202201,169426,164509,177541,184300,181360,207553,234499,251480,287304,215493,167750,159509,142655,80373
85,19686,2620,1840,1222,8654,30891,68568,166543,193250,143060,121215,121195,131312,136654,136495,155898,179958,184099,204654,161568,125050,115930,110628,55937
86,50784,14872,9096,5972,38193,80159,149425,298497,398316,296972,291320,293923,322590,338159,337513,387675,434682,450528,492361,386563,290695,260740,211848,113291
87,21207,5468,2299,2347,13120,42980,103659,252862,331947,242386,197303,194651,214122,223266,222979,261849,290840,310483,357753,287794,219981,200508,188897,90870
88,8415,1440,1179,911,3711,25573,43274,110735,173515,133735,98442,90531,104100,122300,119003,144894,157326,159169,184004,125820,81751,95887,80520,34775
89,56822,14418,9106,7039,37609,115523,213104,418882,538858,385870,332725,332786,354291,373151,366249,419277,476771,505544,593404,494444,358492,342689,315084,182758
90,68033,42498,30976,29260,50620,94647,110089,177245,264738,235606,233853,243814,261520,266453,273909,291488,303670,307055,312905,244266,195319,185517,169948,118702
91,2610,130,0,0,1097,3931,15521,33839,32074,20813,16031,14439,16972,17574,17468,20528,25356,24972,29524,27137,17945,15268,15421,8097
92,42744,8404,1778,797,11775,52601,161226,422928,559406,388747,215878,195698,205130,216449,210633,244975,315880,394187,505514,352419,235584,213223,197975,109163
93,7158,918,1174,878,7781,27071,61149,135032,153487,106880,87550,86095,93587,96268,91755,105597,118696,127129,142122,108444,80329,71883,63533,35597
94,60371,20040,9496,7293,44650,93890,188104,390014,509793,382447,318343,311907,336959,351020,348152,399283,447583,466907,521373,416457,326846,309460,283448,156782
96,4658,529,494,333,1890,6231,17727,45659,43904,24048,18197,17187,19585,20031,18892,27988,31497,29974,35172,30142,20075,19010,18245,10456
97,26173,14673,11088,10569,12451,31565,59353,127197,215366,170097,103694,89105,94015,98116,94375,99278,104936,119403,140400,104516,82042,81478,82964,48762
98,14352,3524,1060,1240,3454,11041,37097,96970,116329,79763,67101,67392,73972,76940,76203,89187,103425,107627,123945,101362,78135,71851,66688,39621
99,20038,2732,1078,1074,22507,40217,70526,144692,171877,121535,99303,98215,105916,108422,104991,124985,149707,141852,162364,132677,99307,94867,83663,47997
100,19897,3790,2684,2182,15495,35609,70752,181615,239902,168335,127923,130676,141273,145196,141215,169710,195777,195253,232448,172802,135095,125863,110644,56299
101,31556,10924,7049,5550,16446,51624,91584,203101,302349,228965,185616,188843,205570,212664,208789,233338,266256,304811,360549,248939,202825,203335,186898,103913
102,2543,241,0,0,1013,3348,10977,22422,27765,26744,27889,27546,26546,27869,29524,33246,33988,31855,27370,22027,16382,12447,10402,5931
103,42682,10571,7793,6840,47327,121876,205586,460364,565539,417649,358695,357634,386609,403370,397612,463013,530481,533713,596210,496592,368069,341727,302773,160573
104,649,0,0,0,1631,4033,13088,32331,27783,19226,14576,13578,14488,14991,14529,16222,20770,20013,22582,18587,13290,11452,10639,5831
105,11213,1329,858,697,2231,20243,49829,125655,224610,157842,106823,99237,111408,116492,117557,139223,156595,162840,187155,124494,91640,92404,85683,36785
106,37959,14462,8989,8369,15510,57219,101445,229582,323511,222612,182140,184257,196636,207724,210950,235930,262343,288716,331559,241777,195255,188187,175683,95541
107,93022,36261,23286,18592,64580,141404,218481,473153,648589,482465,398445,395869,441675,462206,457707,521600,599957,664745,760675,577903,461133,448301,407434,229889
108,26678,5957,4131,3337,10737,38427,73843,167426,224619,180995,158815,160595,180358,191933,196416,214322,233638,242724,262744,207428,168364,155344,150953,85143
109,15279,6717,5665,4327,8559,26116,72963,146324,228514,187944,152224,149554,172096,169074,166308,188878,212103,237702,266680,218821,178710,179339,162796,104601
110,19851,5768,1480,1161,7858,34953,107221,250781,301019,201992,160685,140460,162290,158099,145804,190399,217542,232831,277792,202330,154893,141416,137753,73314
111,29403,4034,2333,1749,16166,49557,102287,221760,263909,193341,169513,165022,180775,189550,188622,220416,241716,246432,263227,219943,169643,155735,145605,84753
112,14997,3271,0,34,17219,24616,42529,82582,114350,88328,80121,85863,91322,94035,91066,103001,111630,116509,118897,97953,77947,65337,56499,33889
113,41074,4608,1334,911,30549,82599,129576,252477,369447,310105,268483,267820,297655,312493,309915,336582,380302,400125,437110,331616,253109,241045,216458,130027
114,7688,2228,1854,1856,8711,10980,23090,54150,72557,51364,44812,43171,47004,48293,48119,55547,63365,60131,63444,47130,36293,34872,28160,15659
115,107011,29539,24760,20585,45309,193447,332286,679851,852755,633400,484242,458602,497465,511952,499846,574092,659793,713750,849873,726589,571564,564100,520015,322406
116,20163,422,300,360,28578,65902,103162,223167,276817,193777,171490,172358,188941,191574,188951,235967,255190,247534,271618,223231,172368,164570,158795,74093
117,8491,3,0,0,5287,20442,43581,82783,100619,87423,79516,75759,82052,82470,86562,95150,112616,107926,106290,83659,66808,60504,52307,29250
118,2173,75,0,1,1292,6513,17617,34930,40261,27654,23797,23646,24605,22722,24725,29053,31371,28853,27460,18901,15063,15007,12213,6025
119,42475,8019,4467,3535,38678,85437,157064,345554,462967,319301,264554,255323,279088,287694,281237,318212,366999,385539,436255,342760,257536,238980,219366,120482
120,16906,2370,2000,1331,13154,33220,69773,143267,137752,102214,81164,83561,90972,94216,90436,113181,140525,126649,141846,116646,87168,78964,77431,44695
121,23309,488,0,0,2496,40056,83369,186447,253657,205086,203791,201138,216399,213544,231516,221181,244526,269097,274177,207336,174348,168083,159859,104036
122,4321,0,0,0,2115,18805,60243,139607,181202,109408,63793,57279,66180,66562,67485,77257,91772,116838,142364,103439,69337,64915,55799,28360
123,8816,193,117,127,1476,18492,48321,108206,126670,96190,76964,72061,84523,87294,84888,100777,121785,122126,130135,103438,78651,79066,88683,45040
124,35149,6776,11232,8972,39982,109983,286244,558980,601667,465422,403654,395385,436934,442338,437276,525117,597453,638530,713328,574814,425282,388233,328134,169137
125,15563,3787,1876,2026,13361,40312,63398,132182,182786,131372,119597,117781,126564,125368,129147,148568,163395,164299,176827,152181,115113,103240,91496,53777
126,13019,681,45,0,11657,27444,51432,123864,214112,182715,138618,125509,144039,152308,137985,145573,156590,169065,165371,103821,95890,84190,77275,51128
128,10813,1542,1096,1756,5939,26618,45267,95026,102997,77642,70839,66403,73089,70582,68442,75754,86502,83364,89590,79958,59147,49108,44969,28930
129,88066,27552,14996,12169,73514,130124,226817,449914,591170,451586,392946,402466,429406,456602,456864,527722,589889,610610,678265,530673,423299,377477,376413,216393
130,5980,1583,368,238,2927,6555,20965,47402,49641,32446,25222,23644,26329,27928,27118,34928,42056,43411,48980,40379,28411,26311,26166,13526
131,5394,272,42,0,2084,15557,39159,72893,95929,71075,53095,53053,55159,61653,56813,66224,80012,82824,91609,68262,52390,50251,44620,22885
132,49417,7921,2350,1962,14433,84332,209193,490442,752007,529293,360853,340212,354040,381763,379580,429032,482874,590678,700733,456048,349269,332140,284757,142393
133,12764,3290,1606,1664,13550,32160,65962,151251,201743,141955,117279,111458,117412,121254,115690,132253,142876,154276,168456,125038,95276,91634,81346,42512
134,10374,708,355,273,11305,33158,69658,157282,195428,137811,115323,114768,126390,128284,128293,146297,163689,170762,191772,150597,112453,103447,94636,50238
135,96864,14886,9485,11179,51166,175308,307150,689402,862622,604214,463808,441845,495061,517844,509909,577192,651749,737772,872296,670136,541123,516153,492262,295133
136,34654,16374,13935,10047,12174,33985,52001,97532,162433,126247,97033,95919,103023,115982,117374,129918,137377,159801,183393,145018,113462,111524,103724,66513
137,52764,18086,8252,6282,26186,69768,125601,269968,379557,280588,255409,251136,261570,281433,274612,307039,348179,356222,357375,274636,216760,214169,200899,110359
138,19598,6002,3797,2908,9115,40647,80808,205030,322672,216919,177810,181139,187579,195257,194654,210027,241149,276129,333607,236410,186941,179397,167138,90575
139,14776,6973,2691,4952,9604,19595,42472,122907,123805,84909,72959,68616,72050,75102,72121,83944,94890,97747,109453,93427,67132,58465,49786,27993
140,13522,5988,3020,3380,10802,21472,37559,93452,103810,71329,64392,62044,68672,72031,70688,81058,91152,91278,98381,85608,63343,59489,55527,29493
141,44760,7782,2634,2169,16065,88130,136997,259874,305128,263656,249485,267512,299302,319588,321448,365968,423025,411495,425753,348843,292117,277180,251451,123492
142,17963,3397,1258,980,17212,37117,79909,180120,215930,155174,136633,136026,144660,147646,147114,168868,188692,185382,194400,160724,121759,107693,97487,53722
143,18407,3800,1348,862,7177,25441,61757,158092,237106,184418,111797,99544,104770,113068,104635,117672,136713,173168,205848,149362,101355,89709,80521,48161
144,10609,16,0,533,13150,27597,49440,121402,117259,78967,72744,67381,70433,69796,68779,89487,107509,92240,95776,84027,65716,56493,51309,29523
145,76819,41702,33307,26957,25964,63307,104269,234456,357799,298761,227383,230546,267830,282858,282477,292882,339267,402569,502848,374602,298585,293114,274253,181171
146,28905,2051,2074,1960,33208,76452,109525,237695,291181,211023,181643,177313,182625,181220,183522,215732,253380,248135,281068,240147,181705,163659,145317,84295
147,43768,13213,7006,5028,31401,63860,127408,239507,327371,238893,191909,184612,196540,207510,201762,235034,283018,299416,336451,248987,204450,201936,190079,102500
148,7015,1790,1652,1492,3546,13982,28299,51510,77067,56696,56440,54045,57317,63828,59488,70116,76610,78197,82498,67392,55968,55722,42645,20840
149,17051,4362,3928,3146,12733,82744,117237,324522,468456,280203,194068,202627,210834,219934,238158,258208,287818,389810,435971,261554,228812,208203,158448,78533
150,22820,5588,3354,2982,10191,31198,58490,146182,215544,154020,131499,130619,140916,148260,144439,163757,183520,183229,210014,152831,124607,116463,109686,67659
151,63924,4796,2280,1782,36122,148617,259267,548209,712105,580300,447825,426748,464475,489496,483796,555536,625588,666273,744392,579923,446796,425239,394725,214253
152,9010,1671,838,616,5264,13828,30011,70627,83640,63774,54504,53925,58876,59580,60846,71611,82279,82632,89558,70253,54201,50162,44352,25238
153,87851,34880,22489,18205,23373,95711,159353,343491,517147,428400,299668,282898,307471,344729,334195,360252,406901,511870,603589,402612,312551,319255,311238,170986
154,39065,35074,24662,23342,23811,47308,44165,75248,126891,113500,118084,124670,133480,144439,152416,161845,164205,178011,180721,144715,122185,118684,106502,66273
155,7134,565,0,0,1055,14730,35267,80213,92093,62472,49764,41073,44516,47277,46496,65532,77278,74381,84178,67124,48443,45841,46138,22991
156,26394,3497,606,475,14907,35050,75736,158366,223311,177058,166735,173205,170409,176318,177283,188376,213070,216875,208385,174485,137772,124828,119083,73036
157,12198,3637,2826,1908,13387,28289,43606,79021,95910,68955,59998,56835,61648,62246,62740,71677,83571,88000,98279,84949,64563,59102,52472,28989
158,164934,54938,30729,27969,139063,311238,522095,1058797,1448626,1160764,1067716,1094688,1178770,1215966,1226339,1377645,1519386,1581385,1683295,1321623,1034559,934401,811329,437643
159,5323,1240,80,0,890,4253,15592,46530,51701,37332,32598,28431,33469,35202,34993,50083,55066,48613,51227,43502,31147,30427,34606,14694
160,11922,2868,2351,2059,11820,23851,54435,112974,166701,118298,95041,91956,99934,105560,104998,117869,133505,142482,167626,129654,104348,94603,86716,42326
161,5519,1721,876,684,2749,5616,28044,79672,71275,52658,45526,42902,47542,52912,50779,68616,90027,81764,70471,51852,39759,39824,39969,15391
162,27535,6148,3607,3452,23106,52097,97897,191141,243036,180603,148962,144498,155284,159878,157167,177906,208165,209077,230405,196037,152744,146561,133221,74337
163,6396,1374,491,290,2450,10239,42375,95169,89752,68890,61313,56497,65564,67732,68366,87641,105291,105525,96256,76094,57957,54877,58613,27870
164,9696,4501,2303,1841,3800,13264,27950,70831,103825,58102,42234,42501,47128,49245,50297,59663,67845,85954,104457,72158,58208,52127,51551,26959
165,49785,12513,8338,6549,31363,91280,142448,286805,392477,321636,274718,269132,303433,320340,309455,352868,400916,427607,489770,403554,339004,325346,306792,195794
166,31048,7910,5251,4421,11025,30424,49370,118221,168851,125010,96807,95384,108262,119405,120806,168556,213273,209191,226924,161586,147857,186265,154433,77770
167,16748,2371,494,329,4421,23210,55620,133242,191396,146311,117967,112584,132514,159319,151833,178448,196343,208861,210985,147449,114521,122637,135077,50551
169,19470,3164,1332,1185,15117,46340,94757,200786,291761,229318,187258,179896,196739,206907,208459,231038,257066,278350,314649,238164,178987,163806,142247,76436
170,111525,10232,6689,4604,52325,253497,543284,1245673,1553357,1064589,833569,795882,868311,896888,879196,1018641,1174344,1287455,1468627,1107767,850707,828424,785971,425733
171,10565,3441,335,198,6020,15511,32836,70346,80728,62642,52610,53412,58270,58588,60369,68599,76109,75903,85922,78984,58596,57529,49173,27777
172,11262,426,0,0,6740,25436,58250,154857,224725,181410,144580,150022,171269,183265,185218,217706,240434,238153,236475,158663,124028,119435,98775,48821
174,21086,2709,1500,1462,11729,39703,59058,136290,182501,148019,133752,126331,129377,140123,138243,149246,170735,177895,176053,137418,108916,107484,104397,68718
175,12077,86,80,44,2624,19545,49167,111755,140126,111754,97812,100545,110733,118108,114297,132365,154202,151159,167555,128333,95297,86223,83175,44610
176,11730,1162,552,336,9690,19209,33957,78696,93827,64590,55838,53395,58283,59025,57619,70643,77152,75313,80973,66189,49326,47642,45006,25785
177,7809,2266,1124,1052,6098,12473,30331,99386,119674,62310,47260,44844,48079,49611,47783,60085,69567,72366,79705,59956,42906,37411,33483,17407
178,10516,2125,22,0,4694,18597,45521,104737,112473,67375,51578,48605,56630,58701,57899,77218,92242,89430,97763,75824,53245,52653,52618,28592
179,35778,14962,6121,3428,18841,29357,83355,179671,256736,164440,126789,123059,138072,144982,140753,170110,196599,231331,278157,188936,150999,145317,128037,70700
180,44768,10346,8561,5788,33753,79983,146583,339293,442948,333821,279422,277794,305674,326202,322194,366846,431249,458932,527906,405471,312127,303873,303374,145127
181,6649,644,55,0,2526,10908,23062,57182,67613,48290,40537,39737,45782,50184,48390,57104,68273,65210,67665,54227,39968,37525,41159,22298
182,7326,84,0,0,1032,8500,13247,24924,41875,43529,34938,35917,42087,50327,48117,49142,55189,57483,63953,49226,38717,38528,38688,24316
183,28188,7199,5172,7198,54267,99756,132644,316274,470218,302643,207962,194174,205247,210281,208261,236074,266113,343993,418549,301080,221653,209160,166238,93149
184,42914,22200,11513,10828,18566,44743,72716,132051,230761,217730,237360,255894,272942,279668,290216,298071,302812,318608,311404,193197,142807,131413,102862,62159
185,54995,26639,12017,7333,31136,63956,139333,309235,321863,250463,220852,220577,234927,236684,241709,281469,340834,324116,360045,310320,242611,218896,209054,121676
186,15344,1437,824,566,12881,42917,77073,187614,234015,155495,123481,118414,125811,130330,126299,153725,179847,184208,212199,158528,119363,114711,105076,55625
187,12975,1579,713,703,8380,23744,60501,144680,218278,153904,117736,109394,117925,121761,124016,140560,155664,180731,206642,150773,110204,99838,90124,46145
188,5350,438,0,1594,7366,22863,39552,76882,91426,60628,49390,44179,45379,46823,46077,57142,65507,86677,100173,71348,51961,49283,40166,16491
189,2481,248,20,0,0,1968,5505,11735,27051,35813,35629,28575,31863,32384,27573,30138,31631,39209,40549,26727,21239,18875,15534,11292
190,11542,2879,1873,1871,9412,18715,36391,92408,107983,84116,68344,69744,72718,77821,71793,80757,97666,93008,97192,85379,62767,59817,57579,29937
191,30379,4504,1498,1340,18679,68812,130823,312649,384444,282149,232901,220373,245330,244071,245231,293181,341503,348273,396010,308295,235725,225984,212753,113169
192,47666,17277,10888,8779,25723,62906,117523,250469,332536,262773,228825,225268,248163,261071,264280,301822,344058,369206,405278,311161,249588,236273,211824,119183
193,56665,6563,3471,4325,70022,154376,237737,512067,654374,471576,376113,360105,383772,402607,388280,446084,509215,574177,605006,444790,345700,329937,298470,161009
194,9087,1085,624,381,3400,16955,30676,74572,109244,66295,53404,49318,53151,56772,56455,70800,74555,84155,100977,65764,51570,49402,46464,27477
195,21777,10427,6418,4793,13195,31453,55240,109842,142238,114215,96439,97515,105857,111477,108841,118918,129678,136412,150922,128443,99409,94943,89053,52998
196,164394,51700,29683,22045,90748,337543,400676,746067,1127349,890986,775315,857787,918442,944279,916513,998503,1056275,1297834,1373746,888581,723193,711621,585304,356557
197,7983,2113,1410,990,4000,13954,30752,67358,103244,75633,61204,62037,66742,71009,69429,79781,88284,95771,111371,80107,60444,59129,60490,29158
198,18020,1249,0,0,4846,20861,72725,155415,150949,110000,92515,92467,106453,107649,105383,126526,144535,152868,169612,147440,108772,106552,112083,58228
199,8046,1336,955,773,5253,20485,40687,84353,116218,77996,67058,62105,69360,72836,69999,83484,93710,92129,102754,77366,60449,58447,50598,26148
200,18906,3621,1809,1522,17837,34525,80314,176569,206773,131699,117103,118010,126387,132090,129440,151606,173239,170612,180967,161523,116182,102626,90444,48740
201,16741,5921,3751,3630,7679,32992,60458,127986,190096,143741,119296,117830,129669,132250,130785,144601,159397,175520,200316,158272,119376,112175,101795,58569
202,51123,16421,12748,11081,27267,92343,142345,257174,363006,256139,212239,205635,221460,226910,223043,247113,286381,323793,402633,308599,227712,216306,193765,117626
203,24511,3877,1868,1743,21213,53063,121849,277755,322103,236049,204713,192762,212455,219536,212498,248157,284565,292891,314529,261925,196159,183410,176799,91170
204,5128,2746,1698,1458,5354,8581,19084,48738,45891,28240,21980,20749,21531,22049,21120,28119,33413,30468,33385,30344,20075,18419,17747,9840
205,48169,21974,15011,13027,24344,90618,130281,275823,473271,366463,238113,228499,255391,286788,285313,318173,356179,430784,492049,319309,268678,259097,212866,96949
206,6786,3656,2324,1672,3913,10945,15064,32768,43287,30993,27572,28727,31680,34386,33674,39887,44201,39112,42127,36450,28631,27396,28084,15920
207,121785,54008,32451,26741,35484,135682,207327,409383,626703,560882,502619,517599,606156,664461,638642,691741,782695,836723,891487,654466,543319,544673,517115,286011
208,8831,1786,2186,2076,7189,23740,72082,213487,200386,103111,77277,73761,83913,81872,81575,117693,149601,131860,161938,128766,88971,82723,65912,40672
209,2530,140,0,0,678,5925,8248,19156,20850,14968,12938,13034,14307,14153,13515,14605,16298,18708,23213,16515,13158,12752,11594,6292
210,419,185,3,0,515,1746,2784,6266,14905,4610,2994,3634,3919,3314,3457,4699,12531,9263,6437,3327,2496,1868,1606,847
211,51106,14464,4989,5416,17362,79518,147439,309775,422922,306661,229735,235716,245109,262185,270950,302118,349003,409814,490119,332768,264796,271925,246943,138863
212,19064,10614,6974,5540,9059,24262,66682,136627,206105,156766,119379,117473,130083,143894,140895,158223,173015,187254,216152,155093,124638,126378,124111,55800
213,47994,6173,1507,1107,37226,100016,192480,413598,510168,380212,320991,317627,338968,350794,345401,398638,454160,465923,505059,407559,310831,295490,267288,144352
214,18120,3406,3284,2953,18392,39615,76901,139710,154450,119146,102371,98165,108402,108877,103749,124218,140532,149132,163165,141649,106700,97361,85952,53263
215,5652,1479,206,170,2427,8036,22607,57438,61026,40664,37533,36482,38954,38379,37558,50166,56603,46420,48398,42098,30246,27300,26945,13779
216,2460,1114,789,797,826,9934,17827,36373,64406,51798,32172,29676,30888,36008,34062,38691,41050,43169,51137,33962,24910,26352,22323,10641
217,59993,27368,20131,17520,41746,79705,129089,298232,438211,363851,302504,326586,351097,382830,390485,429266,471327,521078,522812,339033,290236,286298,235368,130665
218,5313,980,0,0,2812,8156,23955,61412,61687,36330,26514,24971,28213,28946,29195,41833,53551,51628,56157,41200,30517,29411,26915,13186
219,20677,6738,2728,3133,22289,42808,76848,161790,209282,146516,120496,118817,125409,127757,123123,139052,154192,161773,177789,145507,112189,97159,86366,49266
220,45065,9052,3423,2564,42298,94702,172375,369426,521665,359742,306253,296724,332895,330298,324462,371755,423587,436192,475292,408306,286466,259629,230497,126846
221,10495,1899,0,1376,15965,22509,38721,85205,100537,76078,68339,64963,69766,70048,70203,85514,90840,83748,86508,76281,58669,51263,45212,26997
222,15198,1626,516,282,5722,22810,49745,108253,159136,113178,84237,80755,87785,94727,92517,110057,129157,132821,155818,119322,95459,94257,93215,47777
223,10411,1176,900,887,18035,40842,58527,115108,149157,117374,105751,101203,103967,102869,103714,119215,122139,143011,137518,99611,76553,70849,61085,35373
224,21515,2347,1238,1282,8924,35508,85383,196737,242639,177388,155355,158216,166360,175630,176216,213061,224926,217109,239411,176092,134019,124242,114577,66417
225,25964,8477,4681,4195,14618,48731,100946,204019,297237,218924,174854,177159,198183,207548,207725,230053,254683,281232,313697,245029,189762,183188,165270,92913
226,107764,14413,9575,7845,71247,299542,445803,981525,1372023,930873,645769,587148,623820,645623,620141,702390,823128,1022233,1301006,1000301,738895,709832,654552,395164
227,20382,4492,2036,1576,35696,56942,86507,169765,220973,194322,159601,152707,169843,168838,169697,201932,219286,213914,209225,157479,129909,123678,107423,56159
228,13382,850,222,156,6887,27939,83123,199157,235456,167951,147659,144483,156152,162797,160743,189382,216701,215926,239096,201644,148222,135648,124677,67336
229,9026,3119,2440,1751,10045,19254,37954,93379,104514,63838,64605,60273,67369,68241,66066,89896,101163,89334,92115,74391,53034,45928,36890,20172
230,15716,7757,6220,4567,14108,13956,41667,82886,160924,114897,86856,86832,96955,104922,106363,117818,130886,151272,172807,114941,92004,83236,72980,31420
231,48338,18563,20070,15252,34603,87206,108895,232269,417155,323073,286016,311911,349219,385676,382759,429194,464181,535601,612134,409920,346671,304229,251813,141547
232,11730,2072,1184,1000,5509,17763,37811,98921,123228,90294,77057,77625,88197,98348,90980,107706,125022,122230,131422,98358,77144,76461,72360,35765
233,24217,5954,4373,3743,13320,55329,106759,221984,301370,237392,197786,191970,205357,208096,208349,224282,250202,274102,306508,242323,189662,178432,166191,95928
234,17327,4791,2693,2941,10592,39397,67239,145925,190374,144632,117242,109517,125156,130636,121117,143526,169633,165578,181812,136566,103051,96172,91404,53768
235,5813,6645,3934,3746,5348,5407,11416,30822,44008,29450,21700,19384,24051,21197,22251,25024,31441,36387,41600,29504,19568,19583,17474,6564
236,13983,256,1,0,4731,31168,60099,126002,265808,266650,151309,115347,117917,125919,124193,134675,142802,179882,230584,166207,113394,109760,94566,49416
237,13590,1342,0,0,8994,25248,56041,112045,141614,107798,93667,93239,96686,100518,97192,109590,119843,122896,134787,115789,87699,77474,69861,43527
238,20639,3215,2180,1857,14549,41501,81739,183738,253771,176054,153612,142800,156005,164458,156981,183604,201320,198626,223436,179371,133935,125221,113405,63684
239,22063,9228,3298,2324,16319,31497,68198,158990,169875,118267,105259,101246,106954,109195,108327,142356,165516,145074,158488,138434,109208,97359,93652,53417
240,50,0,0,0,82,552,1714,3340,3994,5510,5024,3998,4732,4940,5806,5824,5710,5416,5762,4984,3918,3212,1912,1168
241,20735,2910,837,731,19697,45733,70300,151218,181716,131855,109984,107984,116834,118575,115867,138261,153325,164433,179406,158457,110885,103679,94891,55738
242,14594,1948,885,647,9207,30806,70186,163915,221378,169155,146694,137788,157296,170079,157477,187376,208157,209452,211466,159592,125071,121644,110809,55367
243,50569,16161,8903,8106,22431,87611,142874,240332,308528,250691,212614,218148,232742,255928,248880,286514,321724,345594,382928,297703,247722,231672,200040,134832
244,45941,19137,13070,12025,20648,77536,95163,198264,306736,225954,191620,188907,201936,210883,204722,217439,245485,290566,328712,220095,169048,163442,148455,99975
245,2277,0,0,0,190,3987,10334,21973,34140,27112,26522,26886,30463,33028,34329,38121,42318,42593,40228,28627,22332,21095,18099,8820
246,36696,8823,4834,3694,25414,71261,138863,307496,385586,268429,210738,199992,223199,236236,222548,267579,310318,313958,346835,275154,214627,211958,198404,101626
247,5243,1344,1928,1082,3801,8671,20342,56205,49514,30064,24339,24210,26465,27318,27559,37295,44307,39234,41895,34421,24358,21610,19727,10287
248,173437,82251,50688,42650,43220,133224,227857,505664,715545,646444,552487,600063,678800,762102,750618,823675,913252,983048,1114656,875112,709087,713290,669857,440131
249,49589,12817,7738,7106,22823,67235,91873,189451,276133,274460,204117,190067,200291,219180,224781,244922,272983,311632,353059,268229,199463,193045,184864,109861
250,12095,3271,2189,2081,8945,34897,57943,128232,168622,128917,110965,115226,122552,128923,131935,148390,159900,168022,191774,151834,127021,105653,92425,50939
251,28194,7373,4203,3868,20656,51423,112155,234648,276811,200985,159119,149347,161680,166621,162404,184755,212585,233138,263127,205085,154443,151761,143242,77768
252,7262,473,0,114,1807,13281,32648,75438,87722,61857,47864,47204,54980,61182,58556,69429,83544,77874,86853,67213,50580,50911,52680,25061
253,46,12,0,0,0,30,354,426,938,1120,1202,1376,1420,1689,1836,1832,1444,1643,1430,1343,1745,2160,1218,170
254,1603,454,65,46,1160,6164,22495,42868,53178,31001,19714,19382,22919,22210,22585,25980,34008,43187,40054,23979,16076,12002,8764,3895
255,56791,27597,17579,13330,26543,58191,65840,131934,205227,181584,165383,181271,191310,204866,207154,216425,226713,253573,278433,205019,176270,183047,162233,101912
256,3473,114,0,0,1177,12434,29496,69953,103063,68210,52293,50464,55588,57183,57589,67200,76931,87846,109260,70095,51039,47729,41766,21965
257,56941,6170,3495,2757,35201,132601,276106,638176,802705,562275,442495,426021,463878,480325,471485,539663,620559,665810,753480,569418,428814,411183,386338,206018
258,18043,2206,708,446,6263,40685,92874,195195,242053,177129,147423,139620,151026,161447,158133,196520,233160,224228,237115,174731,139154,136972,127157,59703
